"FullName","DirectoryName","Name","Size(KB)","Size(MB)","LastWriteTime","CreationTime"
"F:\Qbooks\QuickBooksAutoDataRecovery\Southern Comfort Services 2023, LLC.QBW.TLG.ADR","F:\Qbooks\QuickBooksAutoDataRecovery","Southern Comfort Services 2023, LLC.QBW.TLG.ADR","176516","172.38","11/21/2025 11:04:52 PM","11/21/2025 11:03:53 PM"
"F:\Qbooks\QuickBooksAutoDataRecovery\Southern Comfort Services 2023, LLC.QBW.ADR","F:\Qbooks\QuickBooksAutoDataRecovery","Southern Comfort Services 2023, LLC.QBW.ADR","98148","95.85","11/21/2025 11:04:52 PM","11/21/2025 11:03:52 PM"
"F:\PostClosing\Closing Brief fka Correction Log.xlsx","F:\PostClosing","Closing Brief fka Correction Log.xlsx","411.08","0.4","11/21/2025 4:52:42 PM","10/25/2024 8:25:19 AM"
"F:\PostClosing\Fidelity Files\Qualia Policies\November 2025 - Qualia\PCB-25-6588 - F-Lender Policy.pdf","F:\PostClosing\Fidelity Files\Qualia Policies\November 2025 - Qualia","PCB-25-6588 - F-Lender Policy.pdf","231.82","0.23","11/21/2025 3:28:15 PM","11/21/2025 3:28:15 PM"
"F:\PostClosing\Fidelity Files\Qualia Policies\November 2025 - Qualia\PCB-25-6588 - F-Owner Policy.pdf","F:\PostClosing\Fidelity Files\Qualia Policies\November 2025 - Qualia","PCB-25-6588 - F-Owner Policy.pdf","200.82","0.2","11/21/2025 3:27:07 PM","11/21/2025 3:27:07 PM"
"F:\PostClosing\Remote Files 2025.xlsx","F:\PostClosing","Remote Files 2025.xlsx","71.97","0.07","11/21/2025 2:29:40 PM","1/8/2025 5:00:11 PM"
"F:\HomeDirs\PJarvis\2025 Southern Comfort\Nov\2025-11-21 14-14 Marty Murphy.pdf","F:\HomeDirs\PJarvis\2025 Southern Comfort\Nov","2025-11-21 14-14 Marty Murphy.pdf","183.09","0.18","11/21/2025 2:15:00 PM","11/21/2025 2:15:00 PM"
"F:\PostClosing\Fidelity Files\Qualia Policies\November 2025 - Qualia\NAV-25-883 - F-Owner Policy.pdf","F:\PostClosing\Fidelity Files\Qualia Policies\November 2025 - Qualia","NAV-25-883 - F-Owner Policy.pdf","193.11","0.19","11/21/2025 2:13:05 PM","11/21/2025 2:13:04 PM"
"F:\PostClosing\Fidelity Files\Qualia Policies\November 2025 - Qualia\PCB-25-6719 - F-Lender Policy.pdf","F:\PostClosing\Fidelity Files\Qualia Policies\November 2025 - Qualia","PCB-25-6719 - F-Lender Policy.pdf","259.99","0.25","11/21/2025 1:49:32 PM","11/21/2025 1:49:32 PM"
"F:\PostClosing\Fidelity Files\Qualia Policies\November 2025 - Qualia\PSJ-25-411 - F-Owner Policy.pdf","F:\PostClosing\Fidelity Files\Qualia Policies\November 2025 - Qualia","PSJ-25-411 - F-Owner Policy.pdf","224.51","0.22","11/21/2025 1:48:50 PM","11/21/2025 1:40:53 PM"
"F:\PostClosing\Fidelity Files\Qualia Policies\November 2025 - Qualia\PCB-25-6719 - F-Owner Policy.pdf","F:\PostClosing\Fidelity Files\Qualia Policies\November 2025 - Qualia","PCB-25-6719 - F-Owner Policy.pdf","185.38","0.18","11/21/2025 1:48:50 PM","11/21/2025 1:48:50 PM"
"F:\HomeDirs\clovelady\SETCO\TITLE CLAIMS\DFS-25-1505\TITLE DOCUMENTS.zip","F:\HomeDirs\clovelady\SETCO\TITLE CLAIMS\DFS-25-1505","TITLE DOCUMENTS.zip","1107.2","1.08","11/21/2025 12:24:26 PM","11/21/2025 12:24:20 PM"
"F:\HomeDirs\clovelady\SETCO\TITLE CLAIMS\DFS-25-1505\TITLE DOCUMENTS\Invoice_20250724_124802.pdf - Jul 24th, 12_49 PM.pdf","F:\HomeDirs\clovelady\SETCO\TITLE CLAIMS\DFS-25-1505\TITLE DOCUMENTS","Invoice_20250724_124802.pdf - Jul 24th, 12_49 PM.pdf","22.97","0.02","11/21/2025 12:24:13 PM","11/21/2025 6:23:28 PM"
"F:\HomeDirs\clovelady\SETCO\TITLE CLAIMS\DFS-25-1505\TITLE DOCUMENTS\IMAGES 12576307.pdf - Jul 24th, 12_49 PM.pdf","F:\HomeDirs\clovelady\SETCO\TITLE CLAIMS\DFS-25-1505\TITLE DOCUMENTS","IMAGES 12576307.pdf - Jul 24th, 12_49 PM.pdf","811.32","0.79","11/21/2025 12:24:11 PM","11/21/2025 6:23:28 PM"
"F:\HomeDirs\clovelady\SETCO\TITLE CLAIMS\DFS-25-1505\TITLE DOCUMENTS\Exact 11963315.pdf - Jul 24th, 12_49 PM.pdf","F:\HomeDirs\clovelady\SETCO\TITLE CLAIMS\DFS-25-1505\TITLE DOCUMENTS","Exact 11963315.pdf - Jul 24th, 12_49 PM.pdf","24.6","0.02","11/21/2025 12:24:08 PM","11/21/2025 6:23:28 PM"
"F:\HomeDirs\clovelady\SETCO\TITLE CLAIMS\DFS-25-1505\TITLE DOCUMENTS\Title Search Report.20250724174405.pdf - Jul 24th, 12_49 PM.pdf","F:\HomeDirs\clovelady\SETCO\TITLE CLAIMS\DFS-25-1505\TITLE DOCUMENTS","Title Search Report.20250724174405.pdf - Jul 24th, 12_49 PM.pdf","64.55","0.06","11/21/2025 12:24:06 PM","11/21/2025 6:23:28 PM"
"F:\HomeDirs\clovelady\SETCO\TITLE CLAIMS\DFS-25-1505\TITLE DOCUMENTS\Title Search Report(Bringdown) - 080125 - 1.20250801211504.pdf - Aug 4th, 11_55 AM.pdf","F:\HomeDirs\clovelady\SETCO\TITLE CLAIMS\DFS-25-1505\TITLE DOCUMENTS","Title Search Report(Bringdown) - 080125 - 1.20250801211504.pdf - Aug 4th, 11_55 AM.pdf","13.69","0.01","11/21/2025 12:24:03 PM","11/21/2025 6:23:28 PM"
"F:\HomeDirs\clovelady\SETCO\TITLE CLAIMS\DFS-25-1505\TITLE DOCUMENTS\Party Search _ PACER_ PACER Case Locator.pdf - Jul 24th, 12_49 PM.pdf","F:\HomeDirs\clovelady\SETCO\TITLE CLAIMS\DFS-25-1505\TITLE DOCUMENTS","Party Search _ PACER_ PACER Case Locator.pdf - Jul 24th, 12_49 PM.pdf","167.93","0.16","11/21/2025 12:24:01 PM","11/21/2025 6:23:28 PM"
"F:\HomeDirs\clovelady\SETCO\TITLE CLAIMS\DFS-25-1505\TITLE DOCUMENTS\OFACSeller-072425-174944.pdf - Jul 24th, 12_49 PM.pdf","F:\HomeDirs\clovelady\SETCO\TITLE CLAIMS\DFS-25-1505\TITLE DOCUMENTS","OFACSeller-072425-174944.pdf - Jul 24th, 12_49 PM.pdf","43.83","0.04","11/21/2025 12:23:59 PM","11/21/2025 6:23:28 PM"
"F:\HomeDirs\clovelady\SETCO\TITLE CLAIMS\DFS-25-1505\TITLE DOCUMENTS\OFACBuyer-072425-174944.pdf - Jul 24th, 12_49 PM.pdf","F:\HomeDirs\clovelady\SETCO\TITLE CLAIMS\DFS-25-1505\TITLE DOCUMENTS","OFACBuyer-072425-174944.pdf - Jul 24th, 12_49 PM.pdf","44.61","0.04","11/21/2025 12:23:56 PM","11/21/2025 6:23:28 PM"
"F:\HomeDirs\clovelady\SETCO\TITLE CLAIMS\DFS-25-1505\SERVICES.zip","F:\HomeDirs\clovelady\SETCO\TITLE CLAIMS\DFS-25-1505","SERVICES.zip","6242.44","6.1","11/21/2025 12:23:54 PM","11/21/2025 12:23:40 PM"
"F:\HomeDirs\clovelady\SETCO\TITLE CLAIMS\DFS-25-1505\SERVICES\EF KRISTA - PERMITS & CODES ARE CLEAR.msg","F:\HomeDirs\clovelady\SETCO\TITLE CLAIMS\DFS-25-1505\SERVICES","EF KRISTA - PERMITS & CODES ARE CLEAR.msg","329.5","0.32","11/21/2025 12:23:28 PM","11/21/2025 6:21:54 PM"
"F:\HomeDirs\clovelady\SETCO\TITLE CLAIMS\DFS-25-1505\SERVICES\DFS-25-1505 LIEN INVOICE.pdf","F:\HomeDirs\clovelady\SETCO\TITLE CLAIMS\DFS-25-1505\SERVICES","DFS-25-1505 LIEN INVOICE.pdf","249.71","0.24","11/21/2025 12:23:25 PM","11/21/2025 6:21:54 PM"
"F:\HomeDirs\clovelady\SETCO\TITLE CLAIMS\DFS-25-1505\SERVICES\DFS-25-1505 LIEN DOCS.pdf","F:\HomeDirs\clovelady\SETCO\TITLE CLAIMS\DFS-25-1505\SERVICES","DFS-25-1505 LIEN DOCS.pdf","363.25","0.35","11/21/2025 12:23:22 PM","11/21/2025 6:21:54 PM"
"F:\HomeDirs\clovelady\SETCO\TITLE CLAIMS\DFS-25-1505\SERVICES\DFS-25-1505 FINAL REPORT.pdf","F:\HomeDirs\clovelady\SETCO\TITLE CLAIMS\DFS-25-1505\SERVICES","DFS-25-1505 FINAL REPORT.pdf","424.33","0.41","11/21/2025 12:23:19 PM","11/21/2025 6:21:54 PM"
"F:\HomeDirs\clovelady\SETCO\TITLE CLAIMS\DFS-25-1505\SERVICES\TC Invoice - 160 Le Conte Street.pdf","F:\HomeDirs\clovelady\SETCO\TITLE CLAIMS\DFS-25-1505\SERVICES","TC Invoice - 160 Le Conte Street.pdf","98.87","0.1","11/21/2025 12:23:17 PM","11/21/2025 6:21:54 PM"
"F:\HomeDirs\clovelady\SETCO\TITLE CLAIMS\DFS-25-1505\SERVICES\RUSH - LIEN SEARCH REQUEST  DFS-25-1505.msg","F:\HomeDirs\clovelady\SETCO\TITLE CLAIMS\DFS-25-1505\SERVICES","RUSH - LIEN SEARCH REQUEST  DFS-25-1505.msg","1012","0.99","11/21/2025 12:23:14 PM","11/21/2025 6:21:54 PM"
"F:\HomeDirs\clovelady\SETCO\TITLE CLAIMS\DFS-25-1505\SERVICES\LIEN SEARCH CONFIRMATION.msg","F:\HomeDirs\clovelady\SETCO\TITLE CLAIMS\DFS-25-1505\SERVICES","LIEN SEARCH CONFIRMATION.msg","305","0.3","11/21/2025 12:23:11 PM","11/21/2025 6:21:54 PM"
"F:\HomeDirs\clovelady\SETCO\TITLE CLAIMS\DFS-25-1505\SERVICES\existing survey.pdf","F:\HomeDirs\clovelady\SETCO\TITLE CLAIMS\DFS-25-1505\SERVICES","existing survey.pdf","3280.03","3.2","11/21/2025 12:23:08 PM","11/21/2025 6:21:54 PM"
"F:\HomeDirs\clovelady\SETCO\TITLE CLAIMS\DFS-25-1505\SERVICES\ETUW FOR SURVEY REVIEW..msg","F:\HomeDirs\clovelady\SETCO\TITLE CLAIMS\DFS-25-1505\SERVICES","ETUW FOR SURVEY REVIEW..msg","900","0.88","11/21/2025 12:23:03 PM","11/21/2025 6:21:54 PM"
"F:\HomeDirs\clovelady\SETCO\TITLE CLAIMS\DFS-25-1505\SELLER.zip","F:\HomeDirs\clovelady\SETCO\TITLE CLAIMS\DFS-25-1505","SELLER.zip","2123.46","2.07","11/21/2025 12:23:00 PM","11/21/2025 12:22:47 PM"
"F:\HomeDirs\clovelady\SETCO\TITLE CLAIMS\DFS-25-1505\SELLER\etla - lien search.msg","F:\HomeDirs\clovelady\SETCO\TITLE CLAIMS\DFS-25-1505\SELLER","etla - lien search.msg","721","0.7","11/21/2025 12:22:32 PM","11/21/2025 6:21:24 PM"
"F:\HomeDirs\clovelady\SETCO\TITLE CLAIMS\DFS-25-1505\SELLER\ETLA - ALTA REVIEW..msg","F:\HomeDirs\clovelady\SETCO\TITLE CLAIMS\DFS-25-1505\SELLER","ETLA - ALTA REVIEW..msg","274.5","0.27","11/21/2025 12:22:27 PM","11/21/2025 6:21:22 PM"
"F:\HomeDirs\clovelady\SETCO\TITLE CLAIMS\DFS-25-1505\SELLER\EFLA - ALTA GOOD..msg","F:\HomeDirs\clovelady\SETCO\TITLE CLAIMS\DFS-25-1505\SELLER","EFLA - ALTA GOOD..msg","303","0.3","11/21/2025 12:22:19 PM","11/21/2025 6:21:22 PM"
"F:\HomeDirs\clovelady\SETCO\TITLE CLAIMS\DFS-25-1505\SELLER\Delivery of Sales Proceeds - SETCO.docx","F:\HomeDirs\clovelady\SETCO\TITLE CLAIMS\DFS-25-1505\SELLER","Delivery of Sales Proceeds - SETCO.docx","10.8","0.01","11/21/2025 12:22:16 PM","11/21/2025 6:21:22 PM"
"F:\HomeDirs\clovelady\SETCO\TITLE CLAIMS\DFS-25-1505\SELLER\Certificate of Non-Foreign Status - Robin P. Gunson.docx","F:\HomeDirs\clovelady\SETCO\TITLE CLAIMS\DFS-25-1505\SELLER","Certificate of Non-Foreign Status - Robin P. Gunson.docx","15.46","0.02","11/21/2025 12:22:13 PM","11/21/2025 6:21:22 PM"
"F:\HomeDirs\clovelady\SETCO\TITLE CLAIMS\DFS-25-1505\SELLER\Substitute Form 1099-S (Information for Filing).docx","F:\HomeDirs\clovelady\SETCO\TITLE CLAIMS\DFS-25-1505\SELLER","Substitute Form 1099-S (Information for Filing).docx","15.69","0.02","11/21/2025 12:22:11 PM","11/21/2025 6:21:22 PM"
"F:\HomeDirs\clovelady\SETCO\TITLE CLAIMS\DFS-25-1505\SELLER\SETCO Warranty Deed - FL Non-Homestead.docx","F:\HomeDirs\clovelady\SETCO\TITLE CLAIMS\DFS-25-1505\SELLER","SETCO Warranty Deed - FL Non-Homestead.docx","22.42","0.02","11/21/2025 12:22:09 PM","11/21/2025 6:21:22 PM"
"F:\HomeDirs\clovelady\SETCO\TITLE CLAIMS\DFS-25-1505\SELLER\SETCO Survey Affidavit - Seller.docx","F:\HomeDirs\clovelady\SETCO\TITLE CLAIMS\DFS-25-1505\SELLER","SETCO Survey Affidavit - Seller.docx","20.42","0.02","11/21/2025 12:22:07 PM","11/21/2025 6:21:22 PM"
"F:\HomeDirs\clovelady\SETCO\TITLE CLAIMS\DFS-25-1505\SELLER\SETCO Closing Statement Addendum - Seller.docx","F:\HomeDirs\clovelady\SETCO\TITLE CLAIMS\DFS-25-1505\SELLER","SETCO Closing Statement Addendum - Seller.docx","15.61","0.02","11/21/2025 12:22:05 PM","11/21/2025 6:21:22 PM"
"F:\HomeDirs\clovelady\SETCO\TITLE CLAIMS\DFS-25-1505\SELLER\SETCO Affidavit As To Debts, Liens, and Possession (Seller).docx","F:\HomeDirs\clovelady\SETCO\TITLE CLAIMS\DFS-25-1505\SELLER","SETCO Affidavit As To Debts, Liens, and Possession (Seller).docx","16.7","0.02","11/21/2025 12:22:03 PM","11/21/2025 6:21:22 PM"
"F:\HomeDirs\clovelady\SETCO\TITLE CLAIMS\DFS-25-1505\SELLER\Seller's Address Statement - SETCO.docx","F:\HomeDirs\clovelady\SETCO\TITLE CLAIMS\DFS-25-1505\SELLER","Seller's Address Statement - SETCO.docx","10.39","0.01","11/21/2025 12:22:01 PM","11/21/2025 6:21:22 PM"
"F:\HomeDirs\clovelady\SETCO\TITLE CLAIMS\DFS-25-1505\SELLER\Privacy Policy - SETCO Seller.docx","F:\HomeDirs\clovelady\SETCO\TITLE CLAIMS\DFS-25-1505\SELLER","Privacy Policy - SETCO Seller.docx","27.99","0.03","11/21/2025 12:21:59 PM","11/21/2025 6:21:22 PM"
"F:\HomeDirs\clovelady\SETCO\TITLE CLAIMS\DFS-25-1505\SELLER\Notice of Possible Eligibility for Lower Reissue Rate - SETCO - Seller.docx","F:\HomeDirs\clovelady\SETCO\TITLE CLAIMS\DFS-25-1505\SELLER","Notice of Possible Eligibility for Lower Reissue Rate - SETCO - Seller.docx","18.69","0.02","11/21/2025 12:21:56 PM","11/21/2025 6:21:22 PM"
"F:\HomeDirs\clovelady\SETCO\TITLE CLAIMS\DFS-25-1505\SELLER\Limited Power of Attorney (For Correcting Typographical Errors) - SETCO - Seller.docx","F:\HomeDirs\clovelady\SETCO\TITLE CLAIMS\DFS-25-1505\SELLER","Limited Power of Attorney (For Correcting Typographical Errors) - SETCO - Seller.docx","11.65","0.01","11/21/2025 12:21:54 PM","11/21/2025 6:21:22 PM"
"F:\HomeDirs\clovelady\SETCO\TITLE CLAIMS\DFS-25-1505\SELLER\KCO Charity Form.pdf","F:\HomeDirs\clovelady\SETCO\TITLE CLAIMS\DFS-25-1505\SELLER","KCO Charity Form.pdf","747.72","0.73","11/21/2025 12:21:52 PM","11/21/2025 6:21:24 PM"
"F:\HomeDirs\clovelady\SETCO\TITLE CLAIMS\DFS-25-1505\SELLER\Exhibit A - SETCO - Seller.docx","F:\HomeDirs\clovelady\SETCO\TITLE CLAIMS\DFS-25-1505\SELLER","Exhibit A - SETCO - Seller.docx","14.41","0.01","11/21/2025 12:21:49 PM","11/21/2025 6:21:22 PM"
"F:\HomeDirs\clovelady\SETCO\TITLE CLAIMS\DFS-25-1505\SELLER\ETS WITH ALTA - REQUEST TO SCHEDULE.msg","F:\HomeDirs\clovelady\SETCO\TITLE CLAIMS\DFS-25-1505\SELLER","ETS WITH ALTA - REQUEST TO SCHEDULE.msg","314","0.31","11/21/2025 12:21:46 PM","11/21/2025 6:21:22 PM"
"F:\HomeDirs\clovelady\SETCO\TITLE CLAIMS\DFS-25-1505\EXECUTED DOCUMENTS.zip","F:\HomeDirs\clovelady\SETCO\TITLE CLAIMS\DFS-25-1505","EXECUTED DOCUMENTS.zip","5982.06","5.84","11/21/2025 12:21:20 PM","11/21/2025 12:21:08 PM"
"F:\HomeDirs\clovelady\SETCO\TITLE CLAIMS\DFS-25-1505\EXECUTED DOCUMENTS\ALTA - Fully Executed.pdf","F:\HomeDirs\clovelady\SETCO\TITLE CLAIMS\DFS-25-1505\EXECUTED DOCUMENTS","ALTA - Fully Executed.pdf","247.74","0.24","11/21/2025 12:20:32 PM","11/21/2025 6:19:16 PM"
"F:\HomeDirs\clovelady\SETCO\TITLE CLAIMS\DFS-25-1505\EXECUTED DOCUMENTS\Seller Documents - Executed.pdf","F:\HomeDirs\clovelady\SETCO\TITLE CLAIMS\DFS-25-1505\EXECUTED DOCUMENTS","Seller Documents - Executed.pdf","3403.45","3.32","11/21/2025 12:20:30 PM","11/21/2025 6:19:16 PM"
"F:\HomeDirs\clovelady\SETCO\TITLE CLAIMS\DFS-25-1505\EXECUTED DOCUMENTS\Kim & Co charity form.pdf","F:\HomeDirs\clovelady\SETCO\TITLE CLAIMS\DFS-25-1505\EXECUTED DOCUMENTS","Kim & Co charity form.pdf","331.9","0.32","11/21/2025 12:20:24 PM","11/21/2025 6:19:16 PM"
"F:\HomeDirs\clovelady\SETCO\TITLE CLAIMS\DFS-25-1505\EXECUTED DOCUMENTS\Delivery of Proceeds.pdf","F:\HomeDirs\clovelady\SETCO\TITLE CLAIMS\DFS-25-1505\EXECUTED DOCUMENTS","Delivery of Proceeds.pdf","425.64","0.42","11/21/2025 12:20:21 PM","11/21/2025 6:19:16 PM"
"F:\HomeDirs\clovelady\SETCO\TITLE CLAIMS\DFS-25-1505\EXECUTED DOCUMENTS\Deed - Executed.pdf","F:\HomeDirs\clovelady\SETCO\TITLE CLAIMS\DFS-25-1505\EXECUTED DOCUMENTS","Deed - Executed.pdf","188.26","0.18","11/21/2025 12:20:19 PM","11/21/2025 6:19:16 PM"
"F:\HomeDirs\clovelady\SETCO\TITLE CLAIMS\DFS-25-1505\EXECUTED DOCUMENTS\courier sheet Panhandle Realty.pdf","F:\HomeDirs\clovelady\SETCO\TITLE CLAIMS\DFS-25-1505\EXECUTED DOCUMENTS","courier sheet Panhandle Realty.pdf","110.26","0.11","11/21/2025 12:20:16 PM","11/21/2025 6:19:16 PM"
"F:\HomeDirs\clovelady\SETCO\TITLE CLAIMS\DFS-25-1505\EXECUTED DOCUMENTS\courier sheet Kim & co.pdf","F:\HomeDirs\clovelady\SETCO\TITLE CLAIMS\DFS-25-1505\EXECUTED DOCUMENTS","courier sheet Kim & co.pdf","108.43","0.11","11/21/2025 12:20:13 PM","11/21/2025 6:19:16 PM"
"F:\HomeDirs\clovelady\SETCO\TITLE CLAIMS\DFS-25-1505\EXECUTED DOCUMENTS\Buyer E sign documents.pdf","F:\HomeDirs\clovelady\SETCO\TITLE CLAIMS\DFS-25-1505\EXECUTED DOCUMENTS","Buyer E sign documents.pdf","1387.93","1.36","11/21/2025 12:20:10 PM","11/21/2025 6:19:16 PM"
"F:\HomeDirs\clovelady\SETCO\TITLE CLAIMS\DFS-25-1505\POST CLOSING.zip","F:\HomeDirs\clovelady\SETCO\TITLE CLAIMS\DFS-25-1505","POST CLOSING.zip","10236.4","10","11/21/2025 12:19:58 PM","11/21/2025 12:19:39 PM"
"F:\HomeDirs\clovelady\SETCO\TITLE CLAIMS\DFS-25-1505\POST CLOSING\Order of Compliance OR BK 3336 OR 3050.pdf","F:\HomeDirs\clovelady\SETCO\TITLE CLAIMS\DFS-25-1505\POST CLOSING","Order of Compliance OR BK 3336 OR 3050.pdf","3346.36","3.27","11/21/2025 12:19:30 PM","11/21/2025 6:18:02 PM"
"F:\HomeDirs\clovelady\SETCO\TITLE CLAIMS\DFS-25-1505\POST CLOSING\ET CODE - CHRIS STRAWN.msg","F:\HomeDirs\clovelady\SETCO\TITLE CLAIMS\DFS-25-1505\POST CLOSING","ET CODE - CHRIS STRAWN.msg","3635.5","3.55","11/21/2025 12:19:23 PM","11/21/2025 6:18:00 PM"
"F:\HomeDirs\clovelady\SETCO\TITLE CLAIMS\DFS-25-1505\POST CLOSING\EFUW - APPROVED WITH NOTES..msg","F:\HomeDirs\clovelady\SETCO\TITLE CLAIMS\DFS-25-1505\POST CLOSING","EFUW - APPROVED WITH NOTES..msg","348","0.34","11/21/2025 12:19:18 PM","11/21/2025 6:18:00 PM"
"F:\HomeDirs\clovelady\SETCO\TITLE CLAIMS\DFS-25-1505\POST CLOSING\CEL OR BK 2054 PG 637.pdf","F:\HomeDirs\clovelady\SETCO\TITLE CLAIMS\DFS-25-1505\POST CLOSING","CEL OR BK 2054 PG 637.pdf","3854.53","3.76","11/21/2025 12:19:15 PM","11/21/2025 6:18:02 PM"
"F:\HomeDirs\clovelady\SETCO\TITLE CLAIMS\DFS-25-1505\POST CLOSING\Title Search Report(Bringdown) - 08_01_25 - 1.pdf","F:\HomeDirs\clovelady\SETCO\TITLE CLAIMS\DFS-25-1505\POST CLOSING","Title Search Report(Bringdown) - 08_01_25 - 1.pdf","13.69","0.01","11/21/2025 12:19:08 PM","11/21/2025 6:18:00 PM"
"F:\HomeDirs\clovelady\SETCO\TITLE CLAIMS\DFS-25-1505\POST CLOSING\Title Commitment.docx","F:\HomeDirs\clovelady\SETCO\TITLE CLAIMS\DFS-25-1505\POST CLOSING","Title Commitment.docx","413.37","0.4","11/21/2025 12:19:06 PM","11/21/2025 6:18:00 PM"
"F:\HomeDirs\clovelady\SETCO\TITLE CLAIMS\DFS-25-1505\POST CLOSING\prior OP.pdf","F:\HomeDirs\clovelady\SETCO\TITLE CLAIMS\DFS-25-1505\POST CLOSING","prior OP.pdf","670.65","0.65","11/21/2025 12:19:03 PM","11/21/2025 6:18:00 PM"
"F:\HomeDirs\clovelady\SETCO\TITLE CLAIMS\DFS-25-1505\ORDER ENTRY.zip","F:\HomeDirs\clovelady\SETCO\TITLE CLAIMS\DFS-25-1505","ORDER ENTRY.zip","16430.53","16.05","11/21/2025 12:18:57 PM","11/21/2025 12:18:32 PM"
"F:\HomeDirs\clovelady\SETCO\TITLE CLAIMS\DFS-25-1505\ORDER ENTRY\Executed Addendum 1 - costs split (1).pdf","F:\HomeDirs\clovelady\SETCO\TITLE CLAIMS\DFS-25-1505\ORDER ENTRY","Executed Addendum 1 - costs split (1).pdf","321.07","0.31","11/21/2025 12:18:20 PM","11/21/2025 6:15:08 PM"
"F:\HomeDirs\clovelady\SETCO\TITLE CLAIMS\DFS-25-1505\ORDER ENTRY\EMD Receipt.pdf","F:\HomeDirs\clovelady\SETCO\TITLE CLAIMS\DFS-25-1505\ORDER ENTRY","EMD Receipt.pdf","87.72","0.09","11/21/2025 12:18:18 PM","11/21/2025 6:15:08 PM"
"F:\HomeDirs\clovelady\SETCO\TITLE CLAIMS\DFS-25-1505\ORDER ENTRY\deed.pdf","F:\HomeDirs\clovelady\SETCO\TITLE CLAIMS\DFS-25-1505\ORDER ENTRY","deed.pdf","88.41","0.09","11/21/2025 12:18:15 PM","11/21/2025 6:15:06 PM"
"F:\HomeDirs\clovelady\SETCO\TITLE CLAIMS\DFS-25-1505\ORDER ENTRY\2024 Taxes Paid.pdf","F:\HomeDirs\clovelady\SETCO\TITLE CLAIMS\DFS-25-1505\ORDER ENTRY","2024 Taxes Paid.pdf","129.09","0.13","11/21/2025 12:18:13 PM","11/21/2025 6:15:08 PM"
"F:\HomeDirs\clovelady\SETCO\TITLE CLAIMS\DFS-25-1505\ORDER ENTRY\par.pdf","F:\HomeDirs\clovelady\SETCO\TITLE CLAIMS\DFS-25-1505\ORDER ENTRY","par.pdf","443.48","0.43","11/21/2025 12:18:10 PM","11/21/2025 6:15:06 PM"
"F:\HomeDirs\clovelady\SETCO\TITLE CLAIMS\DFS-25-1505\ORDER ENTRY\life estate deed.pdf","F:\HomeDirs\clovelady\SETCO\TITLE CLAIMS\DFS-25-1505\ORDER ENTRY","life estate deed.pdf","114.54","0.11","11/21/2025 12:18:07 PM","11/21/2025 6:15:08 PM"
"F:\HomeDirs\clovelady\SETCO\TITLE CLAIMS\DFS-25-1505\ORDER ENTRY\Lien Search Summary.docx","F:\HomeDirs\clovelady\SETCO\TITLE CLAIMS\DFS-25-1505\ORDER ENTRY","Lien Search Summary.docx","15.25","0.01","11/21/2025 12:18:04 PM","11/21/2025 6:15:08 PM"
"F:\HomeDirs\clovelady\SETCO\TITLE CLAIMS\DFS-25-1505\ORDER ENTRY\Lien Search Request.docx","F:\HomeDirs\clovelady\SETCO\TITLE CLAIMS\DFS-25-1505\ORDER ENTRY","Lien Search Request.docx","15.3","0.01","11/21/2025 12:18:02 PM","11/21/2025 6:15:08 PM"
"F:\HomeDirs\clovelady\SETCO\TITLE CLAIMS\DFS-25-1505\ORDER ENTRY\Lien Search Invoice.docx","F:\HomeDirs\clovelady\SETCO\TITLE CLAIMS\DFS-25-1505\ORDER ENTRY","Lien Search Invoice.docx","11.74","0.01","11/21/2025 12:17:59 PM","11/21/2025 6:15:08 PM"
"F:\HomeDirs\clovelady\SETCO\TITLE CLAIMS\DFS-25-1505\ORDER ENTRY\Initial Email.msg","F:\HomeDirs\clovelady\SETCO\TITLE CLAIMS\DFS-25-1505\ORDER ENTRY","Initial Email.msg","7863.5","7.68","11/21/2025 12:17:57 PM","11/21/2025 6:15:08 PM"
"F:\HomeDirs\clovelady\SETCO\TITLE CLAIMS\DFS-25-1505\ORDER ENTRY\Executed AS IS Contract.pdf","F:\HomeDirs\clovelady\SETCO\TITLE CLAIMS\DFS-25-1505\ORDER ENTRY","Executed AS IS Contract.pdf","7675.69","7.5","11/21/2025 12:17:50 PM","11/21/2025 6:15:08 PM"
"F:\HomeDirs\clovelady\SETCO\TITLE CLAIMS\DFS-25-1505\BUYER.zip","F:\HomeDirs\clovelady\SETCO\TITLE CLAIMS\DFS-25-1505","BUYER.zip","7346.2","7.17","11/21/2025 12:17:19 PM","11/21/2025 12:17:04 PM"
"F:\HomeDirs\clovelady\SETCO\TITLE CLAIMS\DFS-25-1505\BUYER\ETBA - DRAFT ALTA REVIEW..msg","F:\HomeDirs\clovelady\SETCO\TITLE CLAIMS\DFS-25-1505\BUYER","ETBA - DRAFT ALTA REVIEW..msg","271.5","0.27","11/21/2025 12:14:58 PM","11/21/2025 6:13:38 PM"
"F:\HomeDirs\clovelady\SETCO\TITLE CLAIMS\DFS-25-1505\BUYER\etb with clear lien search.msg","F:\HomeDirs\clovelady\SETCO\TITLE CLAIMS\DFS-25-1505\BUYER","etb with clear lien search.msg","552.5","0.54","11/21/2025 12:14:55 PM","11/21/2025 6:13:38 PM"
"F:\HomeDirs\clovelady\SETCO\TITLE CLAIMS\DFS-25-1505\BUYER\ETB & BA WITH SURVEY.msg","F:\HomeDirs\clovelady\SETCO\TITLE CLAIMS\DFS-25-1505\BUYER","ETB & BA WITH SURVEY.msg","3522.5","3.44","11/21/2025 12:14:52 PM","11/21/2025 6:13:38 PM"
"F:\HomeDirs\clovelady\SETCO\TITLE CLAIMS\DFS-25-1505\BUYER\DeFuniak Springs Wiring Instructions.docx","F:\HomeDirs\clovelady\SETCO\TITLE CLAIMS\DFS-25-1505\BUYER","DeFuniak Springs Wiring Instructions.docx","96.51","0.09","11/21/2025 12:14:48 PM","11/21/2025 6:13:38 PM"
"F:\HomeDirs\clovelady\SETCO\TITLE CLAIMS\DFS-25-1505\BUYER\ALTA Combined Settlement Statement.pdf","F:\HomeDirs\clovelady\SETCO\TITLE CLAIMS\DFS-25-1505\BUYER","ALTA Combined Settlement Statement.pdf","42.47","0.04","11/21/2025 12:14:45 PM","11/21/2025 6:13:38 PM"
"F:\HomeDirs\clovelady\SETCO\TITLE CLAIMS\DFS-25-1505\BUYER\SETCO Warranty Deed - Buyer - E-Sign.docx","F:\HomeDirs\clovelady\SETCO\TITLE CLAIMS\DFS-25-1505\BUYER","SETCO Warranty Deed - Buyer - E-Sign.docx","12.85","0.01","11/21/2025 12:14:43 PM","11/21/2025 6:13:38 PM"
"F:\HomeDirs\clovelady\SETCO\TITLE CLAIMS\DFS-25-1505\BUYER\SETCO Survey Affidavit - E-sign - Buyer.docx","F:\HomeDirs\clovelady\SETCO\TITLE CLAIMS\DFS-25-1505\BUYER","SETCO Survey Affidavit - E-sign - Buyer.docx","20.14","0.02","11/21/2025 12:14:40 PM","11/21/2025 6:13:38 PM"
"F:\HomeDirs\clovelady\SETCO\TITLE CLAIMS\DFS-25-1505\BUYER\SETCO Notice of Availability of Owner's Title Insurance.docx","F:\HomeDirs\clovelady\SETCO\TITLE CLAIMS\DFS-25-1505\BUYER","SETCO Notice of Availability of Owner's Title Insurance.docx","11.84","0.01","11/21/2025 12:14:38 PM","11/21/2025 6:13:38 PM"
"F:\HomeDirs\clovelady\SETCO\TITLE CLAIMS\DFS-25-1505\BUYER\SETCO Limited Power of Attorney (For Correcting Typographical Errors) - Buyer - E-sign.docx","F:\HomeDirs\clovelady\SETCO\TITLE CLAIMS\DFS-25-1505\BUYER","SETCO Limited Power of Attorney (For Correcting Typographical Errors) - Buyer - E-sign.docx","11.43","0.01","11/21/2025 12:14:36 PM","11/21/2025 6:13:38 PM"
"F:\HomeDirs\clovelady\SETCO\TITLE CLAIMS\DFS-25-1505\BUYER\SETCO Closing Statement Addendum - Buyer.docx","F:\HomeDirs\clovelady\SETCO\TITLE CLAIMS\DFS-25-1505\BUYER","SETCO Closing Statement Addendum - Buyer.docx","15.61","0.02","11/21/2025 12:14:33 PM","11/21/2025 6:13:38 PM"
"F:\HomeDirs\clovelady\SETCO\TITLE CLAIMS\DFS-25-1505\BUYER\SETCO Closing Affidavit (Buyer) - E-sign.docx","F:\HomeDirs\clovelady\SETCO\TITLE CLAIMS\DFS-25-1505\BUYER","SETCO Closing Affidavit (Buyer) - E-sign.docx","20.27","0.02","11/21/2025 12:14:31 PM","11/21/2025 6:13:38 PM"
"F:\HomeDirs\clovelady\SETCO\TITLE CLAIMS\DFS-25-1505\BUYER\Privacy Policy - SETCO Buyer.docx","F:\HomeDirs\clovelady\SETCO\TITLE CLAIMS\DFS-25-1505\BUYER","Privacy Policy - SETCO Buyer.docx","27.94","0.03","11/21/2025 12:14:28 PM","11/21/2025 6:13:38 PM"
"F:\HomeDirs\clovelady\SETCO\TITLE CLAIMS\DFS-25-1505\BUYER\Notice of Possible Eligibility for Lower Reissue Rate - SETCO - Buyer.docx","F:\HomeDirs\clovelady\SETCO\TITLE CLAIMS\DFS-25-1505\BUYER","Notice of Possible Eligibility for Lower Reissue Rate - SETCO - Buyer.docx","18.77","0.02","11/21/2025 12:14:25 PM","11/21/2025 6:13:38 PM"
"F:\HomeDirs\clovelady\SETCO\TITLE CLAIMS\DFS-25-1505\BUYER\Fillable Buyer's Address Statement - SETCO.docx","F:\HomeDirs\clovelady\SETCO\TITLE CLAIMS\DFS-25-1505\BUYER","Fillable Buyer's Address Statement - SETCO.docx","12.39","0.01","11/21/2025 12:14:22 PM","11/21/2025 6:13:38 PM"
"F:\HomeDirs\clovelady\SETCO\TITLE CLAIMS\DFS-25-1505\BUYER\existing survey (79).pdf","F:\HomeDirs\clovelady\SETCO\TITLE CLAIMS\DFS-25-1505\BUYER","existing survey (79).pdf","3280.03","3.2","11/21/2025 12:14:20 PM","11/21/2025 6:13:38 PM"
"F:\HomeDirs\clovelady\SETCO\TITLE CLAIMS\DFS-25-1505\BUYER\Exhibit A - SETCO - Buyer.docx","F:\HomeDirs\clovelady\SETCO\TITLE CLAIMS\DFS-25-1505\BUYER","Exhibit A - SETCO - Buyer.docx","14.45","0.01","11/21/2025 12:14:16 PM","11/21/2025 6:13:38 PM"
"F:\HomeDirs\PJarvis\2025 FOT\FPL debit 12-4-25 FOT.pdf","F:\HomeDirs\PJarvis\2025 FOT","FPL debit 12-4-25 FOT.pdf","554.96","0.54","11/21/2025 11:53:54 AM","11/21/2025 11:54:16 AM"
"F:\Qbooks\Stephanie Brannon 2023.QBW","F:\Qbooks","Stephanie Brannon 2023.QBW","71232","69.56","11/21/2025 11:38:40 AM","11/28/2022 10:08:32 AM"
"F:\Qbooks\Stephanie Brannon 2023.QBW.TLG","F:\Qbooks","Stephanie Brannon 2023.QBW.TLG","105984","103.5","11/21/2025 11:38:40 AM","11/28/2022 10:10:20 AM"
"F:\Qbooks\Stephanie Brannon 2023.QBW.ND","F:\Qbooks","Stephanie Brannon 2023.QBW.ND","0.39","0","11/21/2025 11:38:35 AM","11/28/2022 10:12:51 AM"
"F:\PostClosing\Fidelity Files\Qualia Policies\November 2025 - Qualia\PCB-25-6839 - F-Owner Policy.pdf","F:\PostClosing\Fidelity Files\Qualia Policies\November 2025 - Qualia","PCB-25-6839 - F-Owner Policy.pdf","277.48","0.27","11/21/2025 11:32:01 AM","11/21/2025 11:32:01 AM"
"F:\HomeDirs\PJarvis\2025 S Brannon\Nov\ck 3345 Rhonda Skipper.pdf","F:\HomeDirs\PJarvis\2025 S Brannon\Nov","ck 3345 Rhonda Skipper.pdf","1564.57","1.53","11/21/2025 11:17:56 AM","11/21/2025 11:18:25 AM"
"F:\HomeDirs\PJarvis\2025 Setco\L-Z\ck 10133 Walton Co Tax Collector.pdf","F:\HomeDirs\PJarvis\2025 Setco\L-Z","ck 10133 Walton Co Tax Collector.pdf","1044.65","1.02","11/21/2025 11:17:26 AM","11/21/2025 11:17:43 AM"
"F:\HomeDirs\PJarvis\2025 Setco\L-Z\ck 10314 Okaloosa Co Tax Collector.pdf","F:\HomeDirs\PJarvis\2025 Setco\L-Z","ck 10314 Okaloosa Co Tax Collector.pdf","1216.19","1.19","11/21/2025 11:16:49 AM","11/21/2025 11:17:12 AM"
"F:\HomeDirs\PJarvis\2025 Harper Jane\ck 1219 Gulf County Tax Collector.pdf","F:\HomeDirs\PJarvis\2025 Harper Jane","ck 1219 Gulf County Tax Collector.pdf","803.04","0.78","11/21/2025 11:16:09 AM","11/21/2025 11:16:22 AM"
"F:\HomeDirs\PJarvis\2025 Harper Jane\ck 1216 Stan Nichols.pdf","F:\HomeDirs\PJarvis\2025 Harper Jane","ck 1216 Stan Nichols.pdf","733.07","0.72","11/21/2025 11:15:28 AM","11/21/2025 11:15:45 AM"
"F:\HomeDirs\PJarvis\2025 Harper Jane\ck 1217 Rhonda Skipper.pdf","F:\HomeDirs\PJarvis\2025 Harper Jane","ck 1217 Rhonda Skipper.pdf","1767.38","1.73","11/21/2025 11:14:52 AM","11/21/2025 11:15:15 AM"
"F:\HomeDirs\PJarvis\2025 Southern Comfort\Nov\ck 2792 Victor DeSantis.pdf","F:\HomeDirs\PJarvis\2025 Southern Comfort\Nov","ck 2792 Victor DeSantis.pdf","595.57","0.58","11/21/2025 11:14:12 AM","11/21/2025 11:14:33 AM"
"F:\HomeDirs\aderoche\Templates\Loan Mailout Process.docx","F:\HomeDirs\aderoche\Templates","Loan Mailout Process.docx","15.35","0.01","11/21/2025 11:03:51 AM","9/2/2025 4:15:02 PM"
"F:\Qbooks\QuickBooksAutoDataRecovery\Southern Comfort Services 2023, LLC.QBW.ADR.old","F:\Qbooks\QuickBooksAutoDataRecovery","Southern Comfort Services 2023, LLC.QBW.ADR.old","98140","95.84","11/21/2025 10:05:06 AM","11/21/2025 10:03:53 AM"
"F:\Qbooks\QuickBooksAutoDataRecovery\Southern Comfort Services 2023, LLC.QBW.TLG.ADR.old","F:\Qbooks\QuickBooksAutoDataRecovery","Southern Comfort Services 2023, LLC.QBW.TLG.ADR.old","176448","172.31","11/21/2025 10:05:03 AM","11/21/2025 10:03:53 AM"
"F:\PostClosing\Fidelity Files\Qualia Policies\November 2025 - Qualia\PCB-25-6681 - F-Owner Policy.pdf","F:\PostClosing\Fidelity Files\Qualia Policies\November 2025 - Qualia","PCB-25-6681 - F-Owner Policy.pdf","228.25","0.22","11/21/2025 10:03:14 AM","11/21/2025 10:03:13 AM"
"F:\HomeDirs\kcouvillion\Personal\Pics\2025\IMG_2638.jpg","F:\HomeDirs\kcouvillion\Personal\Pics\2025","IMG_2638.jpg","1317.34","1.29","11/21/2025 9:47:27 AM","11/21/2025 3:44:54 PM"
"F:\HomeDirs\kcouvillion\Personal\Pics\2025\IMG_3029.jpg","F:\HomeDirs\kcouvillion\Personal\Pics\2025","IMG_3029.jpg","1165.3","1.14","11/21/2025 9:46:43 AM","11/21/2025 3:45:36 PM"
"F:\HomeDirs\PJarvis\2025 S Brannon\Nov\3344-Judd Jackson.msg","F:\HomeDirs\PJarvis\2025 S Brannon\Nov","3344-Judd Jackson.msg","232","0.23","11/21/2025 9:23:57 AM","11/21/2025 9:23:56 AM"
"F:\HomeDirs\PJarvis\2025 Harper Jane\1215-Judd Jackson.msg","F:\HomeDirs\PJarvis\2025 Harper Jane","1215-Judd Jackson.msg","328","0.32","11/21/2025 9:23:43 AM","11/21/2025 9:23:41 AM"
"F:\HomeDirs\PJarvis\2025 Setco Holdings\Nov\1095-Judd Jackson.msg","F:\HomeDirs\PJarvis\2025 Setco Holdings\Nov","1095-Judd Jackson.msg","324","0.32","11/21/2025 9:23:27 AM","11/21/2025 9:23:25 AM"
"F:\HomeDirs\PJarvis\2025 Southern Comfort\Nov\2790-Judd Jackson.msg","F:\HomeDirs\PJarvis\2025 Southern Comfort\Nov","2790-Judd Jackson.msg","255.5","0.25","11/21/2025 9:22:51 AM","11/21/2025 9:22:49 AM"
"F:\HomeDirs\PJarvis\2025 Southern Comfort\Nov\2791-AT&T.msg","F:\HomeDirs\PJarvis\2025 Southern Comfort\Nov","2791-AT&T.msg","967","0.94","11/21/2025 9:22:45 AM","11/21/2025 9:22:42 AM"
"F:\HomeDirs\PJarvis\2025 Setco\HNWS\10136-Holley-Navarre.msg","F:\HomeDirs\PJarvis\2025 Setco\HNWS","10136-Holley-Navarre.msg","380","0.37","11/21/2025 9:22:30 AM","11/21/2025 9:22:28 AM"
"F:\HomeDirs\PJarvis\2025 Setco\A-K\10132-Jefco.msg","F:\HomeDirs\PJarvis\2025 Setco\A-K","10132-Jefco.msg","462.5","0.45","11/21/2025 9:22:18 AM","11/21/2025 9:22:16 AM"
"F:\HomeDirs\PJarvis\2025 S Brannon\Nov\3350-Bank of America.msg","F:\HomeDirs\PJarvis\2025 S Brannon\Nov","3350-Bank of America.msg","772.5","0.75","11/21/2025 9:22:00 AM","11/21/2025 9:21:58 AM"
"F:\HomeDirs\PJarvis\2025 S Brannon\Nov\3347-Trugreen.msg","F:\HomeDirs\PJarvis\2025 S Brannon\Nov","3347-Trugreen.msg","524.5","0.51","11/21/2025 9:21:57 AM","11/21/2025 9:21:55 AM"
"F:\HomeDirs\PJarvis\2025 S Brannon\Nov\3346-Bryan Pest Control.msg","F:\HomeDirs\PJarvis\2025 S Brannon\Nov","3346-Bryan Pest Control.msg","422","0.41","11/21/2025 9:21:54 AM","11/21/2025 9:21:52 AM"
"F:\Qbooks\Southern Comfort Services 2023, LLC.QBW.ND","F:\Qbooks","Southern Comfort Services 2023, LLC.QBW.ND","0.4","0","11/21/2025 9:06:03 AM","11/28/2022 10:19:12 AM"
"F:\Qbooks\Catherine and George Brannon 2023.QBW","F:\Qbooks","Catherine and George Brannon 2023.QBW","90828","88.7","11/21/2025 9:02:18 AM","11/28/2022 9:51:46 AM"
"F:\Qbooks\Catherine and George Brannon 2023.QBW.TLG","F:\Qbooks","Catherine and George Brannon 2023.QBW.TLG","118592","115.81","11/21/2025 9:02:18 AM","11/28/2022 9:54:01 AM"
"F:\Qbooks\QuickBooksAutoDataRecovery\Catherine and George Brannon 2023.QBW.TLG.ADR","F:\Qbooks\QuickBooksAutoDataRecovery","Catherine and George Brannon 2023.QBW.TLG.ADR","118360","115.59","11/21/2025 9:02:15 AM","11/21/2025 9:01:24 AM"
"F:\Qbooks\QuickBooksAutoDataRecovery\Catherine and George Brannon 2023.QBW.ADR","F:\Qbooks\QuickBooksAutoDataRecovery","Catherine and George Brannon 2023.QBW.ADR","90372","88.25","11/21/2025 9:02:15 AM","11/21/2025 9:01:24 AM"
"F:\HomeDirs\PJarvis\2025 C Brannon\Nov\Chelco debit 11-21-25.pdf","F:\HomeDirs\PJarvis\2025 C Brannon\Nov","Chelco debit 11-21-25.pdf","603.4","0.59","11/21/2025 8:57:48 AM","11/21/2025 8:58:08 AM"
"F:\Qbooks\Catherine and George Brannon 2023.QBW.ND","F:\Qbooks","Catherine and George Brannon 2023.QBW.ND","0.4","0","11/21/2025 8:51:57 AM","11/28/2022 9:54:43 AM"
"F:\HomeDirs\PJarvis\2025 Southern Comfort\Nov\Soco amex debit 11-20-25.pdf","F:\HomeDirs\PJarvis\2025 Southern Comfort\Nov","Soco amex debit 11-20-25.pdf","2885.14","2.82","11/21/2025 8:48:14 AM","11/21/2025 8:48:35 AM"
"F:\Qbooks\Setco Holdings, Inc..qbw.ND","F:\Qbooks","Setco Holdings, Inc..qbw.ND","0.36","0","11/21/2025 8:41:56 AM","1/10/2024 10:14:29 AM"
"F:\Qbooks\Setco Holdings, Inc..qbw","F:\Qbooks","Setco Holdings, Inc..qbw","17268","16.86","11/21/2025 8:41:41 AM","1/10/2024 10:14:26 AM"
"F:\Qbooks\Setco Holdings, Inc..qbw.TLG","F:\Qbooks","Setco Holdings, Inc..qbw.TLG","38976","38.06","11/21/2025 8:41:41 AM","1/10/2024 10:14:29 AM"
"F:\HomeDirs\PJarvis\2025 S Brannon\Nov\Steph amex debit 11-20-25.pdf","F:\HomeDirs\PJarvis\2025 S Brannon\Nov","Steph amex debit 11-20-25.pdf","4244.42","4.14","11/21/2025 8:34:39 AM","11/21/2025 8:35:07 AM"
"F:\HomeDirs\PJarvis\Steph Reg.pdf","F:\HomeDirs\PJarvis","Steph Reg.pdf","186.41","0.18","11/21/2025 8:31:32 AM","10/3/2022 10:50:56 AM"
